{"$schema":"http://schema.management.azure.com/schemas/2015-01-01/deploymentTemplate.json#","contentVersion":"1.0.0.0","parameters":{"https://raw.githubusercontent.com/MicrosoftLearning/dp-data/main/sales.csv l2120":{"type":"string"},"PipelinesExercise":{"type":"string"}},"variables":{},"resources":[{"name":"Ingest Sales Data","type":"pipelines","apiVersion":"2018-06-01","properties":{"activities":[{"name":"Copy_b1i","type":"Copy","dependsOn":[{"activity":"Delete old files","dependencyConditions":["Completed"]}],"policy":{"timeout":"0.12:00:00","retry":0,"retryIntervalInSeconds":30,"secureOutput":false,"secureInput":false},"typeProperties":{"source":{"type":"DelimitedTextSource","storeSettings":{"type":"HttpReadSettings","requestMethod":"GET"},"formatSettings":{"type":"DelimitedTextReadSettings","skipLineCount":0},"datasetSettings":{"annotations":[],"type":"DelimitedText","typeProperties":{"location":{"type":"HttpServerLocation"},"columnDelimiter":",","rowDelimiter":"\n","escapeChar":"\\","firstRowAsHeader":true,"quoteChar":"\""},"schema":[],"externalReferences":{"connection":"[parameters('https://raw.githubusercontent.com/MicrosoftLearning/dp-data/main/sales.csv l2120')]"}}},"sink":{"type":"DelimitedTextSink","storeSettings":{"type":"LakehouseWriteSettings"},"formatSettings":{"type":"DelimitedTextWriteSettings","quoteAllText":true,"fileExtension":".txt"},"datasetSettings":{"annotations":[],"linkedService":{"name":"PipelinesExercise","properties":{"annotations":[],"type":"Lakehouse","typeProperties":{"workspaceId":"ebeb4ee4-33be-41f3-8c97-ec6fc9b8f7bd","artifactId":"[parameters('PipelinesExercise')]","rootFolder":"Files"}}},"type":"DelimitedText","typeProperties":{"location":{"type":"LakehouseLocation","fileName":"sales.csv","folderPath":"new_data"},"columnDelimiter":",","rowDelimiter":"\n","escapeChar":"\\","firstRowAsHeader":true,"quoteChar":"\""},"schema":[]}},"enableStaging":false,"translator":{"type":"TabularTranslator","typeConversion":true,"typeConversionSettings":{"allowDataTruncation":true,"treatBooleanAsNumber":false}}}},{"name":"Delete old files","type":"Delete","dependsOn":[],"policy":{"timeout":"0.12:00:00","retry":0,"retryIntervalInSeconds":30,"secureOutput":false,"secureInput":false},"typeProperties":{"datasetSettings":{"annotations":[],"linkedService":{"name":"PipelinesExercise","properties":{"annotations":[],"type":"Lakehouse","typeProperties":{"workspaceId":"ebeb4ee4-33be-41f3-8c97-ec6fc9b8f7bd","artifactId":"[parameters('PipelinesExercise')]","rootFolder":"Files"}}},"type":"Binary","typeProperties":{"location":{"type":"LakehouseLocation","folderPath":"new_data"}}},"enableLogging":false,"storeSettings":{"type":"LakehouseReadSettings","recursive":true,"wildcardFileName":"*.csv","enablePartitionDiscovery":false}}},{"name":"load sales notebook","type":"TridentNotebook","dependsOn":[{"activity":"Copy_b1i","dependencyConditions":["Completed"]}],"policy":{"timeout":"0.12:00:00","retry":0,"retryIntervalInSeconds":30,"secureOutput":false,"secureInput":false},"typeProperties":{"notebookId":"4d0bb890-4479-42cd-9d64-3cbff4e6c1e7","workspaceId":"ebeb4ee4-33be-41f3-8c97-ec6fc9b8f7bd","parameters":{"table_name":{"value":"new_sales","type":"string"}}}}],"lastModifiedByObjectId":"4c8d6561-a967-4840-9157-c4dda6317297","lastPublishTime":"2025-04-19T02:58:19Z"},"dependsOn":[]}]}